Name,E-mail
Person 0 Zed,p0@example.com
Person 1 Zed,p1@example.com
Person 2 Zed,p2@example.com
Person 3 Zed,p3@example.com
Person 4 Zed,p4@example.com
Person 5 Zed,p5@example.com
Person 6 Zed,p6@example.com
Person 7 Zed,p7@example.com
Person 8 Zed,p8@example.com
Person 9 Zed,p9@example.com
Person 10 Zed,p10@example.com
Person 11 Zed,p11@example.com
Person 12 Zed,p12@example.com
Person 13 Zed,p13@example.com
Person 14 Zed,p14@example.com
Person 15 Zed,p15@example.com
Person 16 Zed,p16@example.com
Person 17 Zed,p17@example.com
Person 18 Zed,p18@example.com
Person 19 Zed,p19@example.com
Person 20 Zed,p20@example.com
Person 21 Zed,p21@example.com
Person 22 Zed,p22@example.com
Person 23 Zed,p23@example.com
Person 24 Zed,p24@example.com
Person 25 Zed,p25@example.com
Person 26 Zed,p26@example.com
Person 27 Zed,p27@example.com
Person 28 Zed,p28@example.com
Person 29 Zed,p29@example.com
